ID	Label	Parent	PartOf	Definition	DefXref	Subset	ContributorORCID	ContributorName	Source
ID	LABEL	SC %	SC 'part of' some %	A definition	>A oboInOwl:hasDbXref SPLIT=|	AI oboInOwl:inSubset	A dcterms:contributor	>A rdfs:label	A IAO:0000233
UBERON:9900000	acromial process of scapula	UBERON:0006849	UBERON:0006849	An anatomical structure that is part of a scapula.	FIPAT:TA2|ISBN:9780323393225	human_reference_atlas	https://orcid.org/0000-0002-7073-9172	David Osumi-Sutherland	https://github.com/obophenotype/uberon/issues/3678
UBERON:9900001	alveolar border of mandible	UBERON:0001684	UBERON:0001684	An anatomical structure that is part of a mandible.	FIPAT:TA2|ISBN:9780323393225	human_reference_atlas	https://orcid.org/0000-0002-7073-9172	David Osumi-Sutherland	https://github.com/obophenotype/uberon/issues/3678
UBERON:9900002	anterior arch of first cervical vertebra	UBERON:0001092	UBERON:0001092	An anatomical structure that is part of a vertebral bone 1.	FIPAT:TA2|ISBN:9780323393225	human_reference_atlas	https://orcid.org/0000-0002-7073-9172	David Osumi-Sutherland	https://github.com/obophenotype/uberon/issues/3678
UBERON:9900003	anterior clinoid process of sphenoid bone	UBERON:0001677	UBERON:0001677	An anatomical structure that is part of a sphenoid bone.	FIPAT:TA2|ISBN:9780323393225	human_reference_atlas	https://orcid.org/0000-0002-7073-9172	David Osumi-Sutherland	https://github.com/obophenotype/uberon/issues/3678
UBERON:9900004	anterior gluteal line of ilium of os coxa	UBERON:0001272	UBERON:0001272	An anatomical structure that is part of an innominate bone.	FIPAT:TA2|ISBN:9780323393225	human_reference_atlas	https://orcid.org/0000-0002-7073-9172	David Osumi-Sutherland	https://github.com/obophenotype/uberon/issues/3678
UBERON:9900005	anterior sacral foramina of sacrum	UBERON:0003690	UBERON:0003690	An anatomical structure that is part of a fused sacrum.	FIPAT:TA2|ISBN:9780323393225	human_reference_atlas	https://orcid.org/0000-0002-7073-9172	David Osumi-Sutherland	https://github.com/obophenotype/uberon/issues/3678
UBERON:9900006	anterior tubercle of first cervical vertebra	UBERON:0001092	UBERON:0001092	An anatomical structure that is part of a vertebral bone 1.	FIPAT:TA2|ISBN:9780323393225	human_reference_atlas	https://orcid.org/0000-0002-7073-9172	David Osumi-Sutherland	https://github.com/obophenotype/uberon/issues/3678
UBERON:9900007	anterolateral tubercle of tibia	UBERON:0000979	UBERON:0000979	An anatomical structure that is part of a tibia.	FIPAT:TA2|ISBN:9780323393225	human_reference_atlas	https://orcid.org/0000-0002-7073-9172	David Osumi-Sutherland	https://github.com/obophenotype/uberon/issues/3678
UBERON:9900008	arcuate line of ilium of os coxa	UBERON:0001272	UBERON:0001272	An anatomical structure that is part of an innominate bone.	FIPAT:TA2|ISBN:9780323393225	human_reference_atlas	https://orcid.org/0000-0002-7073-9172	David Osumi-Sutherland	https://github.com/obophenotype/uberon/issues/3678
UBERON:9900009	articular surface for cuboid bone of calcaneus	UBERON:0001450	UBERON:0001450	An anatomical structure that is part of a calcaneus.	FIPAT:TA2|ISBN:9780323393225	human_reference_atlas	https://orcid.org/0000-0002-7073-9172	David Osumi-Sutherland	https://github.com/obophenotype/uberon/issues/3678
UBERON:9900010	articular tubercle of squamous part of temporal bone	UBERON:0001678	UBERON:0001678	An anatomical structure that is part of a temporal bone.	FIPAT:TA2|ISBN:9780323393225	human_reference_atlas	https://orcid.org/0000-0002-7073-9172	David Osumi-Sutherland	https://github.com/obophenotype/uberon/issues/3678
UBERON:9900011	auricular surface of ilium of os coxa	UBERON:0001272	UBERON:0001272	An anatomical structure that is part of an innominate bone.	FIPAT:TA2|ISBN:9780323393225	human_reference_atlas	https://orcid.org/0000-0002-7073-9172	David Osumi-Sutherland	https://github.com/obophenotype/uberon/issues/3678
UBERON:9900012	base of first distal phalanx of foot	UBERON:0004315	UBERON:0004315	An anatomical structure that is part of a distal phalanx of pedal digit 1.	FIPAT:TA2|ISBN:9780323393225	human_reference_atlas	https://orcid.org/0000-0002-7073-9172	David Osumi-Sutherland	https://github.com/obophenotype/uberon/issues/3678
UBERON:9900013	base of first distal phalanx of hand	UBERON:0004337	UBERON:0004337	An anatomical structure that is part of a distal phalanx of manual digit 1.	FIPAT:TA2|ISBN:9780323393225	human_reference_atlas	https://orcid.org/0000-0002-7073-9172	David Osumi-Sutherland	https://github.com/obophenotype/uberon/issues/3678
UBERON:9900014	base of first proximal phalanx of foot	UBERON:0004332	UBERON:0004332	An anatomical structure that is part of a proximal phalanx of pedal digit 1.	FIPAT:TA2|ISBN:9780323393225	human_reference_atlas	https://orcid.org/0000-0002-7073-9172	David Osumi-Sutherland	https://github.com/obophenotype/uberon/issues/3678
UBERON:9900015	base of first proximal phalanx of hand	UBERON:0004338	UBERON:0004338	An anatomical structure that is part of a proximal phalanx of manual digit 1.	FIPAT:TA2|ISBN:9780323393225	human_reference_atlas	https://orcid.org/0000-0002-7073-9172	David Osumi-Sutherland	https://github.com/obophenotype/uberon/issues/3678
UBERON:9900016	calcaneal sulcus of calcaneus	UBERON:0001450	UBERON:0001450	An anatomical structure that is part of a calcaneus.	FIPAT:TA2|ISBN:9780323393225	human_reference_atlas	https://orcid.org/0000-0002-7073-9172	David Osumi-Sutherland	https://github.com/obophenotype/uberon/issues/3678
UBERON:9900017	coccygeal cornu of coccyx	UBERON:0001350	UBERON:0001350	An anatomical structure that is part of a coccyx.	FIPAT:TA2|ISBN:9780323393225	human_reference_atlas	https://orcid.org/0000-0002-7073-9172	David Osumi-Sutherland	https://github.com/obophenotype/uberon/issues/3678
UBERON:9900018	crista galla of ethmoid bone	UBERON:0001679	UBERON:0001679	An anatomical structure that is part of an ethmoid bone.	FIPAT:TA2|ISBN:9780323393225	human_reference_atlas	https://orcid.org/0000-0002-7073-9172	David Osumi-Sutherland	https://github.com/obophenotype/uberon/issues/3678
UBERON:9900019	ethmoidal bulla of ethmoid bone	UBERON:0001679	UBERON:0001679	An anatomical structure that is part of an ethmoid bone.	FIPAT:TA2|ISBN:9780323393225	human_reference_atlas	https://orcid.org/0000-0002-7073-9172	David Osumi-Sutherland	https://github.com/obophenotype/uberon/issues/3678
UBERON:9900020	fibular notch of tibia	UBERON:0000979	UBERON:0000979	An anatomical structure that is part of a tibia.	FIPAT:TA2|ISBN:9780323393225	human_reference_atlas	https://orcid.org/0000-0002-7073-9172	David Osumi-Sutherland	https://github.com/obophenotype/uberon/issues/3678
UBERON:9900021	groove for subclavian vein of first rib	UBERON:0004601	UBERON:0004601	An anatomical structure that is part of a rib 1.	FIPAT:TA2|ISBN:9780323393225	human_reference_atlas	https://orcid.org/0000-0002-7073-9172	David Osumi-Sutherland	https://github.com/obophenotype/uberon/issues/3678
UBERON:9900022	hiatus and groove of petrous part of temporal bone for lesser petrosal nerve	UBERON:0001678	UBERON:0001678	An anatomical structure that is part of a temporal bone.	FIPAT:TA2|ISBN:9780323393225	human_reference_atlas	https://orcid.org/0000-0002-7073-9172	David Osumi-Sutherland	https://github.com/obophenotype/uberon/issues/3678
UBERON:9900023	iliac tubercle of ilium of os coxa	UBERON:0001272	UBERON:0001272	An anatomical structure that is part of an innominate bone.	FIPAT:TA2|ISBN:9780323393225	human_reference_atlas	https://orcid.org/0000-0002-7073-9172	David Osumi-Sutherland	https://github.com/obophenotype/uberon/issues/3678
UBERON:9900024	iliac tuberosity of ilium of os coxa	UBERON:0001272	UBERON:0001272	An anatomical structure that is part of an innominate bone.	FIPAT:TA2|ISBN:9780323393225	human_reference_atlas	https://orcid.org/0000-0002-7073-9172	David Osumi-Sutherland	https://github.com/obophenotype/uberon/issues/3678
UBERON:9900025	mammillary process of fifth lumbar vertebra	UBERON:0004621	UBERON:0004621	An anatomical structure that is part of a lumbar vertebra 5.	FIPAT:TA2|ISBN:9780323393225	human_reference_atlas	https://orcid.org/0000-0002-7073-9172	David Osumi-Sutherland	https://github.com/obophenotype/uberon/issues/3678
UBERON:9900026	mammillary process of first lumbar vertebra	UBERON:0004617	UBERON:0004617	An anatomical structure that is part of a lumbar vertebra 1.	FIPAT:TA2|ISBN:9780323393225	human_reference_atlas	https://orcid.org/0000-0002-7073-9172	David Osumi-Sutherland	https://github.com/obophenotype/uberon/issues/3678
UBERON:9900027	mammillary process of fourth lumbar vertebra	UBERON:0004620	UBERON:0004620	An anatomical structure that is part of a lumbar vertebra 4.	FIPAT:TA2|ISBN:9780323393225	human_reference_atlas	https://orcid.org/0000-0002-7073-9172	David Osumi-Sutherland	https://github.com/obophenotype/uberon/issues/3678
UBERON:9900028	mammillary process of second lumbar vertebra	UBERON:0004618	UBERON:0004618	An anatomical structure that is part of a lumbar vertebra 2.	FIPAT:TA2|ISBN:9780323393225	human_reference_atlas	https://orcid.org/0000-0002-7073-9172	David Osumi-Sutherland	https://github.com/obophenotype/uberon/issues/3678
UBERON:9900029	mammillary process of third lumbar vertebra	UBERON:0004619	UBERON:0004619	An anatomical structure that is part of a lumbar vertebra 3.	FIPAT:TA2|ISBN:9780323393225	human_reference_atlas	https://orcid.org/0000-0002-7073-9172	David Osumi-Sutherland	https://github.com/obophenotype/uberon/issues/3678
UBERON:9900030	mandibular foramen of mandible	UBERON:0001684	UBERON:0001684	An anatomical structure that is part of a mandible.	FIPAT:TA2|ISBN:9780323393225	human_reference_atlas	https://orcid.org/0000-0002-7073-9172	David Osumi-Sutherland	https://github.com/obophenotype/uberon/issues/3678
UBERON:9900031	mandibular fossa of squamous part of temporal bone	UBERON:0001678	UBERON:0001678	An anatomical structure that is part of a temporal bone.	FIPAT:TA2|ISBN:9780323393225	human_reference_atlas	https://orcid.org/0000-0002-7073-9172	David Osumi-Sutherland	https://github.com/obophenotype/uberon/issues/3678
UBERON:9900032	mandibular notch of mandible	UBERON:0001684	UBERON:0001684	An anatomical structure that is part of a mandible.	FIPAT:TA2|ISBN:9780323393225	human_reference_atlas	https://orcid.org/0000-0002-7073-9172	David Osumi-Sutherland	https://github.com/obophenotype/uberon/issues/3678
UBERON:9900033	mastoid foramen of mastoid part of temporal bone	UBERON:0001678	UBERON:0001678	An anatomical structure that is part of a temporal bone.	FIPAT:TA2|ISBN:9780323393225	human_reference_atlas	https://orcid.org/0000-0002-7073-9172	David Osumi-Sutherland	https://github.com/obophenotype/uberon/issues/3678
UBERON:9900034	mastoid notch of mastoid part of temporal bone	UBERON:0001678	UBERON:0001678	An anatomical structure that is part of a temporal bone.	FIPAT:TA2|ISBN:9780323393225	human_reference_atlas	https://orcid.org/0000-0002-7073-9172	David Osumi-Sutherland	https://github.com/obophenotype/uberon/issues/3678
UBERON:9900035	medial malleolus of tibia	UBERON:0000979	UBERON:0000979	An anatomical structure that is part of a tibia.	FIPAT:TA2|ISBN:9780323393225	human_reference_atlas	https://orcid.org/0000-0002-7073-9172	David Osumi-Sutherland	https://github.com/obophenotype/uberon/issues/3678
UBERON:9900036	medial process of tuberosity of calcaneus	UBERON:0001450	UBERON:0001450	An anatomical structure that is part of a calcaneus.	FIPAT:TA2|ISBN:9780323393225	human_reference_atlas	https://orcid.org/0000-0002-7073-9172	David Osumi-Sutherland	https://github.com/obophenotype/uberon/issues/3678
UBERON:9900037	medial pterygoid plate of sphenoid bone	UBERON:0001677	UBERON:0001677	An anatomical structure that is part of a sphenoid bone.	FIPAT:TA2|ISBN:9780323393225	human_reference_atlas	https://orcid.org/0000-0002-7073-9172	David Osumi-Sutherland	https://github.com/obophenotype/uberon/issues/3678
UBERON:9900038	median sacral crest of sacrum	UBERON:0003690	UBERON:0003690	An anatomical structure that is part of a fused sacrum.	FIPAT:TA2|ISBN:9780323393225	human_reference_atlas	https://orcid.org/0000-0002-7073-9172	David Osumi-Sutherland	https://github.com/obophenotype/uberon/issues/3678
UBERON:9900039	mental protuberance of mandible	UBERON:0001684	UBERON:0001684	An anatomical structure that is part of a mandible.	FIPAT:TA2|ISBN:9780323393225	human_reference_atlas	https://orcid.org/0000-0002-7073-9172	David Osumi-Sutherland	https://github.com/obophenotype/uberon/issues/3678
UBERON:9900040	mylohyoid groove of mandible	UBERON:0001684	UBERON:0001684	An anatomical structure that is part of a mandible.	FIPAT:TA2|ISBN:9780323393225	human_reference_atlas	https://orcid.org/0000-0002-7073-9172	David Osumi-Sutherland	https://github.com/obophenotype/uberon/issues/3678
UBERON:9900041	mylohyoid line of mandible	UBERON:0001684	UBERON:0001684	An anatomical structure that is part of a mandible.	FIPAT:TA2|ISBN:9780323393225	human_reference_atlas	https://orcid.org/0000-0002-7073-9172	David Osumi-Sutherland	https://github.com/obophenotype/uberon/issues/3678
UBERON:9900042	nasolacrimal canal of maxilla	UBERON:0002397	UBERON:0002397	An anatomical structure that is part of a maxilla.	FIPAT:TA2|ISBN:9780323393225	human_reference_atlas	https://orcid.org/0000-0002-7073-9172	David Osumi-Sutherland	https://github.com/obophenotype/uberon/issues/3678
UBERON:9900043	pterygoid fossa of sphenoid bone	UBERON:0001677	UBERON:0001677	An anatomical structure that is part of a sphenoid bone.	FIPAT:TA2|ISBN:9780323393225	human_reference_atlas	https://orcid.org/0000-0002-7073-9172	David Osumi-Sutherland	https://github.com/obophenotype/uberon/issues/3678
UBERON:9900044	pubic body of pubis of os coxa	UBERON:0001272	UBERON:0001272	An anatomical structure that is part of an innominate bone.	FIPAT:TA2|ISBN:9780323393225	human_reference_atlas	https://orcid.org/0000-0002-7073-9172	David Osumi-Sutherland	https://github.com/obophenotype/uberon/issues/3678
UBERON:9900045	pubic crest of pubis of os coxa	UBERON:0001272	UBERON:0001272	An anatomical structure that is part of an innominate bone.	FIPAT:TA2|ISBN:9780323393225	human_reference_atlas	https://orcid.org/0000-0002-7073-9172	David Osumi-Sutherland	https://github.com/obophenotype/uberon/issues/3678
UBERON:9900046	sacral apex of sacrum	UBERON:0003690	UBERON:0003690	An anatomical structure that is part of a fused sacrum.	FIPAT:TA2|ISBN:9780323393225	human_reference_atlas	https://orcid.org/0000-0002-7073-9172	David Osumi-Sutherland	https://github.com/obophenotype/uberon/issues/3678
UBERON:9900047	sacral canal of sacrum	UBERON:0003690	UBERON:0003690	An anatomical structure that is part of a fused sacrum.	FIPAT:TA2|ISBN:9780323393225	human_reference_atlas	https://orcid.org/0000-0002-7073-9172	David Osumi-Sutherland	https://github.com/obophenotype/uberon/issues/3678
UBERON:9900048	sacral cornu of sacrum	UBERON:0003690	UBERON:0003690	An anatomical structure that is part of a fused sacrum.	FIPAT:TA2|ISBN:9780323393225	human_reference_atlas	https://orcid.org/0000-0002-7073-9172	David Osumi-Sutherland	https://github.com/obophenotype/uberon/issues/3678
UBERON:9900049	sacral hiatus of sacrum	UBERON:0003690	UBERON:0003690	An anatomical structure that is part of a fused sacrum.	FIPAT:TA2|ISBN:9780323393225	human_reference_atlas	https://orcid.org/0000-0002-7073-9172	David Osumi-Sutherland	https://github.com/obophenotype/uberon/issues/3678
UBERON:9900050	sacral promontory of sacrum	UBERON:0003690	UBERON:0003690	An anatomical structure that is part of a fused sacrum.	FIPAT:TA2|ISBN:9780323393225	human_reference_atlas	https://orcid.org/0000-0002-7073-9172	David Osumi-Sutherland	https://github.com/obophenotype/uberon/issues/3678
UBERON:9900051	sacral spine of sacrum	UBERON:0003690	UBERON:0003690	An anatomical structure that is part of a fused sacrum.	FIPAT:TA2|ISBN:9780323393225	human_reference_atlas	https://orcid.org/0000-0002-7073-9172	David Osumi-Sutherland	https://github.com/obophenotype/uberon/issues/3678
UBERON:9900052	scapular notch of scapula	UBERON:0006849	UBERON:0006849	An anatomical structure that is part of a scapula.	FIPAT:TA2|ISBN:9780323393225	human_reference_atlas	https://orcid.org/0000-0002-7073-9172	David Osumi-Sutherland	https://github.com/obophenotype/uberon/issues/3678
UBERON:9900053	soleal line of tibia	UBERON:0000979	UBERON:0000979	An anatomical structure that is part of a tibia.	FIPAT:TA2|ISBN:9780323393225	human_reference_atlas	https://orcid.org/0000-0002-7073-9172	David Osumi-Sutherland	https://github.com/obophenotype/uberon/issues/3678
UBERON:9900054	sternal angle of sternum	UBERON:0000975	UBERON:0000975	An anatomical structure that is part of a sternum.	FIPAT:TA2|ISBN:9780323393225	human_reference_atlas	https://orcid.org/0000-0002-7073-9172	David Osumi-Sutherland	https://github.com/obophenotype/uberon/issues/3678
UBERON:9900055	sternal end of eighth rib	UBERON:0010757	UBERON:0010757	An anatomical structure that is part of a rib 8.	FIPAT:TA2|ISBN:9780323393225	human_reference_atlas	https://orcid.org/0000-0002-7073-9172	David Osumi-Sutherland	https://github.com/obophenotype/uberon/issues/3678
UBERON:9900056	sternal end of eleventh rib	UBERON:0004610	UBERON:0004610	An anatomical structure that is part of a rib 11.	FIPAT:TA2|ISBN:9780323393225	human_reference_atlas	https://orcid.org/0000-0002-7073-9172	David Osumi-Sutherland	https://github.com/obophenotype/uberon/issues/3678
UBERON:9900057	sternal end of fifth rib	UBERON:0004605	UBERON:0004605	An anatomical structure that is part of a rib 5.	FIPAT:TA2|ISBN:9780323393225	human_reference_atlas	https://orcid.org/0000-0002-7073-9172	David Osumi-Sutherland	https://github.com/obophenotype/uberon/issues/3678
UBERON:9900058	sternal end of first rib	UBERON:0004601	UBERON:0004601	An anatomical structure that is part of a rib 1.	FIPAT:TA2|ISBN:9780323393225	human_reference_atlas	https://orcid.org/0000-0002-7073-9172	David Osumi-Sutherland	https://github.com/obophenotype/uberon/issues/3678
UBERON:9900059	sternal end of fourth rib	UBERON:0004604	UBERON:0004604	An anatomical structure that is part of a rib 4.	FIPAT:TA2|ISBN:9780323393225	human_reference_atlas	https://orcid.org/0000-0002-7073-9172	David Osumi-Sutherland	https://github.com/obophenotype/uberon/issues/3678
UBERON:9900060	sternal end of ninth rib	UBERON:0004608	UBERON:0004608	An anatomical structure that is part of a rib 9.	FIPAT:TA2|ISBN:9780323393225	human_reference_atlas	https://orcid.org/0000-0002-7073-9172	David Osumi-Sutherland	https://github.com/obophenotype/uberon/issues/3678
UBERON:9900061	sternal end of second rib	UBERON:0004602	UBERON:0004602	An anatomical structure that is part of a rib 2.	FIPAT:TA2|ISBN:9780323393225	human_reference_atlas	https://orcid.org/0000-0002-7073-9172	David Osumi-Sutherland	https://github.com/obophenotype/uberon/issues/3678
UBERON:9900062	sternal end of seventh rib	UBERON:0004607	UBERON:0004607	An anatomical structure that is part of a rib 7.	FIPAT:TA2|ISBN:9780323393225	human_reference_atlas	https://orcid.org/0000-0002-7073-9172	David Osumi-Sutherland	https://github.com/obophenotype/uberon/issues/3678
UBERON:9900063	sternal end of sixth rib	UBERON:0004606	UBERON:0004606	An anatomical structure that is part of a rib 6.	FIPAT:TA2|ISBN:9780323393225	human_reference_atlas	https://orcid.org/0000-0002-7073-9172	David Osumi-Sutherland	https://github.com/obophenotype/uberon/issues/3678
UBERON:9900064	sternal end of tenth rib	UBERON:0004609	UBERON:0004609	An anatomical structure that is part of a rib 10.	FIPAT:TA2|ISBN:9780323393225	human_reference_atlas	https://orcid.org/0000-0002-7073-9172	David Osumi-Sutherland	https://github.com/obophenotype/uberon/issues/3678
UBERON:9900065	sternal end of third rib	UBERON:0004603	UBERON:0004603	An anatomical structure that is part of a rib 3.	FIPAT:TA2|ISBN:9780323393225	human_reference_atlas	https://orcid.org/0000-0002-7073-9172	David Osumi-Sutherland	https://github.com/obophenotype/uberon/issues/3678
UBERON:9900066	sternal end of twelfth rib	UBERON:0004611	UBERON:0004611	An anatomical structure that is part of a rib 12.	FIPAT:TA2|ISBN:9780323393225	human_reference_atlas	https://orcid.org/0000-0002-7073-9172	David Osumi-Sutherland	https://github.com/obophenotype/uberon/issues/3678
UBERON:9900067	stylomastoid foramen of petrous part of temporal bone	UBERON:0001678	UBERON:0001678	An anatomical structure that is part of a temporal bone.	FIPAT:TA2|ISBN:9780323393225	human_reference_atlas	https://orcid.org/0000-0002-7073-9172	David Osumi-Sutherland	https://github.com/obophenotype/uberon/issues/3678
UBERON:9900068	sublingual fossa of mandible	UBERON:0001684	UBERON:0001684	An anatomical structure that is part of a mandible.	FIPAT:TA2|ISBN:9780323393225	human_reference_atlas	https://orcid.org/0000-0002-7073-9172	David Osumi-Sutherland	https://github.com/obophenotype/uberon/issues/3678
UBERON:9900069	submandibular fossa of mandible	UBERON:0001684	UBERON:0001684	An anatomical structure that is part of a mandible.	FIPAT:TA2|ISBN:9780323393225	human_reference_atlas	https://orcid.org/0000-0002-7073-9172	David Osumi-Sutherland	https://github.com/obophenotype/uberon/issues/3678
UBERON:9900070	supercilary arch of frontal bone	UBERON:0000209	UBERON:0000209	An anatomical structure that is part of a tetrapod frontal bone.	FIPAT:TA2|ISBN:9780323393225	human_reference_atlas	https://orcid.org/0000-0002-7073-9172	David Osumi-Sutherland	https://github.com/obophenotype/uberon/issues/3678
UBERON:9900071	superior articular facet of eighth thoracic vertebra	UBERON:0011050	UBERON:0011050	An anatomical structure that is part of a thoracic vertebra 8.	FIPAT:TA2|ISBN:9780323393225	human_reference_atlas	https://orcid.org/0000-0002-7073-9172	David Osumi-Sutherland	https://github.com/obophenotype/uberon/issues/3678
UBERON:9900072	superior articular facet of eleventh thoracic vertebra	UBERON:0004635	UBERON:0004635	An anatomical structure that is part of a thoracic vertebra 11.	FIPAT:TA2|ISBN:9780323393225	human_reference_atlas	https://orcid.org/0000-0002-7073-9172	David Osumi-Sutherland	https://github.com/obophenotype/uberon/issues/3678
UBERON:9900073	superior articular facet of fifth cervical vertebra	UBERON:0004614	UBERON:0004614	An anatomical structure that is part of a mammalian cervical vertebra 5.	FIPAT:TA2|ISBN:9780323393225	human_reference_atlas	https://orcid.org/0000-0002-7073-9172	David Osumi-Sutherland	https://github.com/obophenotype/uberon/issues/3678
UBERON:9900074	superior articular facet of fifth lumbar vertebra	UBERON:0004621	UBERON:0004621	An anatomical structure that is part of a lumbar vertebra 5.	FIPAT:TA2|ISBN:9780323393225	human_reference_atlas	https://orcid.org/0000-0002-7073-9172	David Osumi-Sutherland	https://github.com/obophenotype/uberon/issues/3678
UBERON:9900075	superior articular facet of fifth thoracic vertebra	UBERON:0004630	UBERON:0004630	An anatomical structure that is part of a thoracic vertebra 5.	FIPAT:TA2|ISBN:9780323393225	human_reference_atlas	https://orcid.org/0000-0002-7073-9172	David Osumi-Sutherland	https://github.com/obophenotype/uberon/issues/3678
UBERON:9900076	superior articular facet of first cervical vertebra	UBERON:0001092	UBERON:0001092	An anatomical structure that is part of a vertebral bone 1.	FIPAT:TA2|ISBN:9780323393225	human_reference_atlas	https://orcid.org/0000-0002-7073-9172	David Osumi-Sutherland	https://github.com/obophenotype/uberon/issues/3678
UBERON:9900077	superior articular facet of first lumbar vertebra	UBERON:0004617	UBERON:0004617	An anatomical structure that is part of a lumbar vertebra 1.	FIPAT:TA2|ISBN:9780323393225	human_reference_atlas	https://orcid.org/0000-0002-7073-9172	David Osumi-Sutherland	https://github.com/obophenotype/uberon/issues/3678
UBERON:9900078	superior articular facet of first thoracic vertebra	UBERON:0004626	UBERON:0004626	An anatomical structure that is part of a thoracic vertebra 1.	FIPAT:TA2|ISBN:9780323393225	human_reference_atlas	https://orcid.org/0000-0002-7073-9172	David Osumi-Sutherland	https://github.com/obophenotype/uberon/issues/3678
UBERON:9900079	superior articular facet of fourth cervical vertebra	UBERON:0004613	UBERON:0004613	An anatomical structure that is part of a mammalian cervical vertebra 4.	FIPAT:TA2|ISBN:9780323393225	human_reference_atlas	https://orcid.org/0000-0002-7073-9172	David Osumi-Sutherland	https://github.com/obophenotype/uberon/issues/3678
UBERON:9900080	superior articular facet of fourth lumbar vertebra	UBERON:0004620	UBERON:0004620	An anatomical structure that is part of a lumbar vertebra 4.	FIPAT:TA2|ISBN:9780323393225	human_reference_atlas	https://orcid.org/0000-0002-7073-9172	David Osumi-Sutherland	https://github.com/obophenotype/uberon/issues/3678
UBERON:9900081	superior articular facet of fourth thoracic vertebra	UBERON:0004629	UBERON:0004629	An anatomical structure that is part of a thoracic vertebra 4.	FIPAT:TA2|ISBN:9780323393225	human_reference_atlas	https://orcid.org/0000-0002-7073-9172	David Osumi-Sutherland	https://github.com/obophenotype/uberon/issues/3678
UBERON:9900082	superior articular facet of ninth thoracic vertebra	UBERON:0004633	UBERON:0004633	An anatomical structure that is part of a thoracic vertebra 9.	FIPAT:TA2|ISBN:9780323393225	human_reference_atlas	https://orcid.org/0000-0002-7073-9172	David Osumi-Sutherland	https://github.com/obophenotype/uberon/issues/3678
UBERON:9900083	superior articular facet of second cervical vertebra	UBERON:0001093	UBERON:0001093	An anatomical structure that is part of a vertebral bone 2.	FIPAT:TA2|ISBN:9780323393225	human_reference_atlas	https://orcid.org/0000-0002-7073-9172	David Osumi-Sutherland	https://github.com/obophenotype/uberon/issues/3678
UBERON:9900084	superior articular facet of second lumbar vertebra	UBERON:0004618	UBERON:0004618	An anatomical structure that is part of a lumbar vertebra 2.	FIPAT:TA2|ISBN:9780323393225	human_reference_atlas	https://orcid.org/0000-0002-7073-9172	David Osumi-Sutherland	https://github.com/obophenotype/uberon/issues/3678
UBERON:9900085	superior articular facet of second thoracic vertebra	UBERON:0004627	UBERON:0004627	An anatomical structure that is part of a thoracic vertebra 2.	FIPAT:TA2|ISBN:9780323393225	human_reference_atlas	https://orcid.org/0000-0002-7073-9172	David Osumi-Sutherland	https://github.com/obophenotype/uberon/issues/3678
UBERON:9900086	superior articular facet of seventh cervical vertebra	UBERON:0004616	UBERON:0004616	An anatomical structure that is part of a mammalian cervical vertebra 7.	FIPAT:TA2|ISBN:9780323393225	human_reference_atlas	https://orcid.org/0000-0002-7073-9172	David Osumi-Sutherland	https://github.com/obophenotype/uberon/issues/3678
UBERON:9900087	superior articular facet of seventh thoracic vertebra	UBERON:0004632	UBERON:0004632	An anatomical structure that is part of a thoracic vertebra 7.	FIPAT:TA2|ISBN:9780323393225	human_reference_atlas	https://orcid.org/0000-0002-7073-9172	David Osumi-Sutherland	https://github.com/obophenotype/uberon/issues/3678
UBERON:9900088	superior articular facet of sixth cervical vertebra	UBERON:0004615	UBERON:0004615	An anatomical structure that is part of a mammalian cervical vertebra 6.	FIPAT:TA2|ISBN:9780323393225	human_reference_atlas	https://orcid.org/0000-0002-7073-9172	David Osumi-Sutherland	https://github.com/obophenotype/uberon/issues/3678
UBERON:9900089	superior articular facet of sixth thoracic vertebra	UBERON:0004631	UBERON:0004631	An anatomical structure that is part of a thoracic vertebra 6.	FIPAT:TA2|ISBN:9780323393225	human_reference_atlas	https://orcid.org/0000-0002-7073-9172	David Osumi-Sutherland	https://github.com/obophenotype/uberon/issues/3678
UBERON:9900090	superior articular facet of tenth thoracic vertebra	UBERON:0004634	UBERON:0004634	An anatomical structure that is part of a thoracic vertebra 10.	FIPAT:TA2|ISBN:9780323393225	human_reference_atlas	https://orcid.org/0000-0002-7073-9172	David Osumi-Sutherland	https://github.com/obophenotype/uberon/issues/3678
UBERON:9900091	superior articular facet of third cervical vertebra	UBERON:0004612	UBERON:0004612	An anatomical structure that is part of a mammalian cervical vertebra 3.	FIPAT:TA2|ISBN:9780323393225	human_reference_atlas	https://orcid.org/0000-0002-7073-9172	David Osumi-Sutherland	https://github.com/obophenotype/uberon/issues/3678
UBERON:9900092	superior articular facet of third lumbar vertebra	UBERON:0004619	UBERON:0004619	An anatomical structure that is part of a lumbar vertebra 3.	FIPAT:TA2|ISBN:9780323393225	human_reference_atlas	https://orcid.org/0000-0002-7073-9172	David Osumi-Sutherland	https://github.com/obophenotype/uberon/issues/3678
UBERON:9900093	superior articular facet of third thoracic vertebra	UBERON:0004628	UBERON:0004628	An anatomical structure that is part of a thoracic vertebra 3.	FIPAT:TA2|ISBN:9780323393225	human_reference_atlas	https://orcid.org/0000-0002-7073-9172	David Osumi-Sutherland	https://github.com/obophenotype/uberon/issues/3678
UBERON:9900094	superior articular facet of twelfth thoracic vertebra	UBERON:0004636	UBERON:0004636	An anatomical structure that is part of a thoracic vertebra 12.	FIPAT:TA2|ISBN:9780323393225	human_reference_atlas	https://orcid.org/0000-0002-7073-9172	David Osumi-Sutherland	https://github.com/obophenotype/uberon/issues/3678
UBERON:9900095	superior articular process of first cervical vertebra	UBERON:0001092	UBERON:0001092	An anatomical structure that is part of a vertebral bone 1.	FIPAT:TA2|ISBN:9780323393225	human_reference_atlas	https://orcid.org/0000-0002-7073-9172	David Osumi-Sutherland	https://github.com/obophenotype/uberon/issues/3678
UBERON:9900096	superior articular process of second cervical vertebra	UBERON:0001093	UBERON:0001093	An anatomical structure that is part of a vertebral bone 2.	FIPAT:TA2|ISBN:9780323393225	human_reference_atlas	https://orcid.org/0000-0002-7073-9172	David Osumi-Sutherland	https://github.com/obophenotype/uberon/issues/3678
UBERON:9900097	superior costal facet of eleventh thoracic vertebra	UBERON:0004635	UBERON:0004635	An anatomical structure that is part of a thoracic vertebra 11.	FIPAT:TA2|ISBN:9780323393225	human_reference_atlas	https://orcid.org/0000-0002-7073-9172	David Osumi-Sutherland	https://github.com/obophenotype/uberon/issues/3678
UBERON:9900098	superior mental spine of mandible	UBERON:0001684	UBERON:0001684	An anatomical structure that is part of a mandible.	FIPAT:TA2|ISBN:9780323393225	human_reference_atlas	https://orcid.org/0000-0002-7073-9172	David Osumi-Sutherland	https://github.com/obophenotype/uberon/issues/3678
UBERON:9900099	superior vertebral notch of first cervical vertebra	UBERON:0001092	UBERON:0001092	An anatomical structure that is part of a vertebral bone 1.	FIPAT:TA2|ISBN:9780323393225	human_reference_atlas	https://orcid.org/0000-0002-7073-9172	David Osumi-Sutherland	https://github.com/obophenotype/uberon/issues/3678
UBERON:9900100	superior vertebral notch of second cervical vertebra	UBERON:0001093	UBERON:0001093	An anatomical structure that is part of a vertebral bone 2.	FIPAT:TA2|ISBN:9780323393225	human_reference_atlas	https://orcid.org/0000-0002-7073-9172	David Osumi-Sutherland	https://github.com/obophenotype/uberon/issues/3678
UBERON:9900101	supinator fossa of ulna	UBERON:0001424	UBERON:0001424	An anatomical structure that is part of an ulna.	FIPAT:TA2|ISBN:9780323393225	human_reference_atlas	https://orcid.org/0000-0002-7073-9172	David Osumi-Sutherland	https://github.com/obophenotype/uberon/issues/3678
UBERON:9900102	supramastoid crest of squamous part of temporal bone	UBERON:0001678	UBERON:0001678	An anatomical structure that is part of a temporal bone.	FIPAT:TA2|ISBN:9780323393225	human_reference_atlas	https://orcid.org/0000-0002-7073-9172	David Osumi-Sutherland	https://github.com/obophenotype/uberon/issues/3678
UBERON:9900103	supraorbital notch or foramen of frontal bone	UBERON:0000209	UBERON:0000209	An anatomical structure that is part of a tetrapod frontal bone.	FIPAT:TA2|ISBN:9780323393225	human_reference_atlas	https://orcid.org/0000-0002-7073-9172	David Osumi-Sutherland	https://github.com/obophenotype/uberon/issues/3678
UBERON:9900104	supraspinous fossa of scapula	UBERON:0006849	UBERON:0006849	An anatomical structure that is part of a scapula.	FIPAT:TA2|ISBN:9780323393225	human_reference_atlas	https://orcid.org/0000-0002-7073-9172	David Osumi-Sutherland	https://github.com/obophenotype/uberon/issues/3678
UBERON:9900105	sustentaculum tali of calcaneus	UBERON:0001450	UBERON:0001450	An anatomical structure that is part of a calcaneus.	FIPAT:TA2|ISBN:9780323393225	human_reference_atlas	https://orcid.org/0000-0002-7073-9172	David Osumi-Sutherland	https://github.com/obophenotype/uberon/issues/3678
UBERON:9900106	tibial plateau of tibia	UBERON:0000979	UBERON:0000979	An anatomical structure that is part of a tibia.	FIPAT:TA2|ISBN:9780323393225	human_reference_atlas	https://orcid.org/0000-0002-7073-9172	David Osumi-Sutherland	https://github.com/obophenotype/uberon/issues/3678
UBERON:9900107	transverse costal facet of eighth thoracic vertebra	UBERON:0011050	UBERON:0011050	An anatomical structure that is part of a thoracic vertebra 8.	FIPAT:TA2|ISBN:9780323393225	human_reference_atlas	https://orcid.org/0000-0002-7073-9172	David Osumi-Sutherland	https://github.com/obophenotype/uberon/issues/3678
UBERON:9900108	transverse costal facet of eleventh thoracic vertebra	UBERON:0004635	UBERON:0004635	An anatomical structure that is part of a thoracic vertebra 11.	FIPAT:TA2|ISBN:9780323393225	human_reference_atlas	https://orcid.org/0000-0002-7073-9172	David Osumi-Sutherland	https://github.com/obophenotype/uberon/issues/3678
UBERON:9900109	transverse costal facet of fifth thoracic vertebra	UBERON:0004630	UBERON:0004630	An anatomical structure that is part of a thoracic vertebra 5.	FIPAT:TA2|ISBN:9780323393225	human_reference_atlas	https://orcid.org/0000-0002-7073-9172	David Osumi-Sutherland	https://github.com/obophenotype/uberon/issues/3678
UBERON:9900110	transverse costal facet of first thoracic vertebra	UBERON:0004626	UBERON:0004626	An anatomical structure that is part of a thoracic vertebra 1.	FIPAT:TA2|ISBN:9780323393225	human_reference_atlas	https://orcid.org/0000-0002-7073-9172	David Osumi-Sutherland	https://github.com/obophenotype/uberon/issues/3678
UBERON:9900111	transverse costal facet of fourth thoracic vertebra	UBERON:0004629	UBERON:0004629	An anatomical structure that is part of a thoracic vertebra 4.	FIPAT:TA2|ISBN:9780323393225	human_reference_atlas	https://orcid.org/0000-0002-7073-9172	David Osumi-Sutherland	https://github.com/obophenotype/uberon/issues/3678
UBERON:9900112	transverse costal facet of ninth thoracic vertebra	UBERON:0004633	UBERON:0004633	An anatomical structure that is part of a thoracic vertebra 9.	FIPAT:TA2|ISBN:9780323393225	human_reference_atlas	https://orcid.org/0000-0002-7073-9172	David Osumi-Sutherland	https://github.com/obophenotype/uberon/issues/3678
UBERON:9900113	transverse costal facet of second thoracic vertebra	UBERON:0004627	UBERON:0004627	An anatomical structure that is part of a thoracic vertebra 2.	FIPAT:TA2|ISBN:9780323393225	human_reference_atlas	https://orcid.org/0000-0002-7073-9172	David Osumi-Sutherland	https://github.com/obophenotype/uberon/issues/3678
UBERON:9900114	transverse costal facet of seventh thoracic vertebra	UBERON:0004632	UBERON:0004632	An anatomical structure that is part of a thoracic vertebra 7.	FIPAT:TA2|ISBN:9780323393225	human_reference_atlas	https://orcid.org/0000-0002-7073-9172	David Osumi-Sutherland	https://github.com/obophenotype/uberon/issues/3678
UBERON:9900115	transverse costal facet of sixth thoracic vertebra	UBERON:0004631	UBERON:0004631	An anatomical structure that is part of a thoracic vertebra 6.	FIPAT:TA2|ISBN:9780323393225	human_reference_atlas	https://orcid.org/0000-0002-7073-9172	David Osumi-Sutherland	https://github.com/obophenotype/uberon/issues/3678
UBERON:9900116	transverse costal facet of tenth thoracic vertebra	UBERON:0004634	UBERON:0004634	An anatomical structure that is part of a thoracic vertebra 10.	FIPAT:TA2|ISBN:9780323393225	human_reference_atlas	https://orcid.org/0000-0002-7073-9172	David Osumi-Sutherland	https://github.com/obophenotype/uberon/issues/3678
UBERON:9900117	transverse costal facet of third thoracic vertebra	UBERON:0004628	UBERON:0004628	An anatomical structure that is part of a thoracic vertebra 3.	FIPAT:TA2|ISBN:9780323393225	human_reference_atlas	https://orcid.org/0000-0002-7073-9172	David Osumi-Sutherland	https://github.com/obophenotype/uberon/issues/3678
UBERON:9900118	transverse ridges of sternum	UBERON:0000975	UBERON:0000975	An anatomical structure that is part of a sternum.	FIPAT:TA2|ISBN:9780323393225	human_reference_atlas	https://orcid.org/0000-0002-7073-9172	David Osumi-Sutherland	https://github.com/obophenotype/uberon/issues/3678
UBERON:9900119	trigeminal impression of petrous part of temporal bone	UBERON:0001678	UBERON:0001678	An anatomical structure that is part of a temporal bone.	FIPAT:TA2|ISBN:9780323393225	human_reference_atlas	https://orcid.org/0000-0002-7073-9172	David Osumi-Sutherland	https://github.com/obophenotype/uberon/issues/3678
UBERON:9900120	tuberosity of fifth distal phalanx of hand	UBERON:0004314	UBERON:0004314	An anatomical structure that is part of a distal phalanx of manual digit 5.	FIPAT:TA2|ISBN:9780323393225	human_reference_atlas	https://orcid.org/0000-0002-7073-9172	David Osumi-Sutherland	https://github.com/obophenotype/uberon/issues/3678
UBERON:9900121	tuberosity of first distal phalanx of hand	UBERON:0004337	UBERON:0004337	An anatomical structure that is part of a distal phalanx of manual digit 1.	FIPAT:TA2|ISBN:9780323393225	human_reference_atlas	https://orcid.org/0000-0002-7073-9172	David Osumi-Sutherland	https://github.com/obophenotype/uberon/issues/3678
UBERON:9900122	tuberosity of fourth distal phalanx of hand	UBERON:0004313	UBERON:0004313	An anatomical structure that is part of a distal phalanx of manual digit 4.	FIPAT:TA2|ISBN:9780323393225	human_reference_atlas	https://orcid.org/0000-0002-7073-9172	David Osumi-Sutherland	https://github.com/obophenotype/uberon/issues/3678
UBERON:9900123	tuberosity of second distal phalanx of hand	UBERON:0004311	UBERON:0004311	An anatomical structure that is part of a distal phalanx of manual digit 2.	FIPAT:TA2|ISBN:9780323393225	human_reference_atlas	https://orcid.org/0000-0002-7073-9172	David Osumi-Sutherland	https://github.com/obophenotype/uberon/issues/3678
UBERON:9900124	tuberosity of third distal phalanx of hand	UBERON:0004312	UBERON:0004312	An anatomical structure that is part of a distal phalanx of manual digit 3.	FIPAT:TA2|ISBN:9780323393225	human_reference_atlas	https://orcid.org/0000-0002-7073-9172	David Osumi-Sutherland	https://github.com/obophenotype/uberon/issues/3678
UBERON:9900125	tympanic caniliculus of petrous part of temporal bone	UBERON:0001678	UBERON:0001678	An anatomical structure that is part of a temporal bone.	FIPAT:TA2|ISBN:9780323393225	human_reference_atlas	https://orcid.org/0000-0002-7073-9172	David Osumi-Sutherland	https://github.com/obophenotype/uberon/issues/3678
UBERON:9900126	vertebra prominens of seventh cervical vertebra	UBERON:0004616	UBERON:0004616	An anatomical structure that is part of a mammalian cervical vertebra 7.	FIPAT:TA2|ISBN:9780323393225	human_reference_atlas	https://orcid.org/0000-0002-7073-9172	David Osumi-Sutherland	https://github.com/obophenotype/uberon/issues/3678
UBERON:9900127	zygomatic process of squamous part of temporal bone	UBERON:0001678	UBERON:0001678	An anatomical structure that is part of a temporal bone.	FIPAT:TA2|ISBN:9780323393225	human_reference_atlas	https://orcid.org/0000-0002-7073-9172	David Osumi-Sutherland	https://github.com/obophenotype/uberon/issues/3678
UBERON:9900128	zygomaticofacial foramen of zygomatic bone	UBERON:0001683	UBERON:0001683	An anatomical structure that is part of a jugal bone.	FIPAT:TA2|ISBN:9780323393225	human_reference_atlas	https://orcid.org/0000-0002-7073-9172	David Osumi-Sutherland	https://github.com/obophenotype/uberon/issues/3678
